date,actual_price,predicted_return,actual_return,signal,position,position_change,strategy_return_gross,transaction_cost_return,strategy_return,buy_and_hold_return,cum_strategy,cum_buy_and_hold,portfolio_value,predicted_price,actual_volatility,predicted_volatility,trend
2026-02-13,68857.8394375,-0.00046556,0.03903377,-1,0.0,0.0,0.0,-0.0,0.0,0.03903377,1.0,1.03903377,100000.0,66191.02061594,0.01378896,0.02725085,DOWN
2026-02-14,69767.6240442,-0.00054363,0.01312593,-1,-1.0,1.0,-0.01312593,-0.001,-0.01412593,0.01312593,0.98587407,1.05267205,98587.4067,68820.41711872,0.01196462,0.0269833,DOWN
2026-02-15,68788.1878168,-0.00059021,-0.01413804,-1,-1.0,0.0,0.01413804,-0.0,0.01413804,-0.01413804,0.99981239,1.03778933,99981.23939942,69726.46026088,0.01521275,0.02650109,DOWN
2026-02-16,68843.15338001,-0.00062812,0.00079878,-1,-1.0,0.0,-0.00079878,-0.0,-0.00079878,0.00079878,0.99901376,1.0386183,99901.37613506,68744.99299411,0.0151754,0.02594479,DOWN
2026-02-17,67494.21788368,-0.00065677,-0.01978887,-1,-1.0,0.0,0.01978887,-0.0,0.01978887,-0.01978887,1.01878312,1.01806522,101878.31187982,68797.95760881,0.01208564,0.0253877,DOWN
2026-02-18,66425.31590451,-0.00067344,-0.01596363,-1,-1.0,0.0,0.01596363,-0.0,0.01596363,-0.01596363,1.0350466,1.0018132,103504.65986133,67448.78333887,0.023955,0.02487166,DOWN
2026-02-19,66957.52372196,-0.00067759,0.00798013,-1,-1.0,0.0,-0.00798013,-0.0,-0.00798013,0.00798013,1.0267868,1.00980779,102678.67963405,66380.32334963,0.02273635,0.02440647,DOWN
2026-02-20,68005.41893452,-0.00068251,0.015529,-1,-1.0,0.0,-0.015529,-0.0,-0.015529,0.015529,1.01084183,1.02548909,101084.18293141,66911.84268729,0.03764461,0.02394644,DOWN
2026-02-21,68003.76401844,-0.00066284,-2.435e-05,-1,-1.0,0.0,2.435e-05,-0.0,2.435e-05,-2.435e-05,1.01086645,1.02546412,101086.64482658,67960.35979349,0.03778656,0.02354917,DOWN
2026-02-22,67659.38978033,-0.00062649,-0.00507692,-1,-1.0,0.0,0.00507692,-0.0,0.00507692,-0.00507692,1.01599854,1.02025791,101599.85397912,67961.17717854,0.03909275,0.02317008,DOWN
2026-02-23,64616.73735747,-0.00057878,-0.04601267,-1,-1.0,0.0,0.04601267,-0.0,0.04601267,-0.04601267,1.06274735,0.97331312,106274.73453231,67620.24813286,0.03223853,0.022849,DOWN
2026-02-24,64080.04534924,-0.00053681,-0.00834051,-1,-1.0,0.0,0.00834051,-0.0,0.00834051,-0.00834051,1.0716112,0.9651952,107161.12001843,64582.05975583,0.03382996,0.02270364,DOWN
2026-02-25,67960.1261274,-0.00049938,0.05878816,-1,-1.0,0.0,-0.05878816,-0.0,-0.05878816,0.05878816,1.00861315,1.02193724,100861.31516333,64048.04728365,0.02856812,0.02265493,DOWN
2026-02-26,67453.77856057,-0.00045581,-0.00747861,-1,-1.0,0.0,0.00747861,-0.0,0.00747861,-0.00747861,1.01615618,1.01429457,101615.61766404,67929.15304877,0.02853057,0.02272472,DOWN
2026-02-27,65881.79548791,-0.0004215,-0.02358035,-1,-1.0,0.0,0.02358035,-0.0,0.02358035,-0.02358035,1.04011749,0.99037716,104011.74908756,67425.34407044,0.03432471,0.02286773,DOWN
2026-02-28,66995.86307649,-0.00041128,0.01676864,-1,-1.0,0.0,-0.01676864,-0.0,-0.01676864,0.01676864,1.02267614,1.00698443,102267.61392739,65854.70938713,0.04010128,0.02307456,DOWN
2026-03-01,65738.1008871,-0.00041896,-0.01895213,-1,-1.0,0.0,0.01895213,-0.0,0.01895213,-0.01895213,1.04205803,0.98789993,104205.80283679,66967.7947128,0.04459447,0.0233118,DOWN
2026-03-02,68775.85472433,-0.00043262,0.045174,-1,-1.0,0.0,-0.045174,-0.0,-0.045174,0.045174,0.9949841,1.03252732,99498.41042047,65709.67040533,0.03948396,0.02355666,DOWN
2026-03-03,68293.643822,-0.00043593,-0.00703592,-1,-1.0,0.0,0.00703592,-0.0,0.00703592,-0.00703592,1.00198473,1.02526254,100198.47337582,68745.87704071,0.0400838,0.02376244,DOWN
2026-03-04,72710.57904577,-0.00044059,0.06267011,-1,-1.0,0.0,-0.06267011,-0.0,-0.06267011,0.06267011,0.93919024,1.08951585,93919.02402752,68263.56249502,0.02874066,0.02391558,DOWN
2026-03-05,70841.1251211,-0.0004344,-0.02604718,-1,-1.0,0.0,0.02604718,-0.0,0.02604718,-0.02604718,0.9636535,1.06113703,96365.35022139,72679.00141572,0.03091899,0.02403002,DOWN
2026-03-06,68136.495748,-0.00043199,-0.03892676,-1,-1.0,0.0,0.03892676,-0.0,0.03892676,-0.03892676,1.00116541,1.01983041,100116.54108177,70810.52905418,0.02334129,0.02411944,DOWN
2026-03-07,67272.59497066,-0.00043248,-0.01276,-1,-1.0,0.0,0.01276,-0.0,0.01276,-0.01276,1.01394028,1.00681737,101394.02834621,68107.03186975,0.02106361,0.02420803,DOWN
2026-03-08,65969.77892614,-0.00044196,-0.01955615,-1,-1.0,0.0,0.01955615,-0.0,0.01955615,-0.01955615,1.03376905,0.98712789,103376.90537644,67242.86539638,0.01421179,0.02419564,DOWN
2026-03-09,68402.37824168,-0.00045523,0.03621088,-1,-1.0,0.0,-0.03621088,-0.0,-0.03621088,0.03621088,0.99633537,1.02287266,99633.53666108,65939.75962544,0.0079194,0.02405766,DOWN
2026-03-10,69926.92456009,-0.00045242,0.02204306,-1,-1.0,0.0,-0.02204306,-0.0,-0.02204306,0.02204306,0.97437308,1.04541991,97437.30843518,68371.44170265,0.00784707,0.02381621,DOWN
2026-03-11,70204.88375019,-0.00043299,0.00396714,-1,-1.0,0.0,-0.00396714,-0.0,-0.00396714,0.00396714,0.97050761,1.04956724,97050.76089396,69896.65408166,0.01134719,0.02352553,DOWN
2026-03-12,70493.4568601,-0.00039501,0.00410209,-1,-1.0,0.0,-0.00410209,-0.0,-0.00410209,0.00410209,0.9665265,1.05387266,96652.65008378,70177.15606967,0.01605427,0.02316528,DOWN
2026-03-13,70968.26570087,-0.00035075,0.00671286,-1,-1.0,0.0,-0.00671286,-0.0,-0.00671286,0.00671286,0.96003834,1.06094716,96003.83427848,70468.74211462,0.02643147,0.02277301,DOWN
2026-03-14,71214.62305343,-0.00032872,0.00346539,-1,-1.0,0.0,-0.00346539,-0.0,-0.00346539,0.00346539,0.95671144,1.06462375,95671.14350321,70944.94119402,0.02772208,0.02232421,DOWN
2026-03-15,72789.90940782,-0.00030886,0.0218792,-1,-1.0,0.0,-0.0218792,-0.0,-0.0218792,0.0218792,0.93577936,1.08791686,93577.93580296,71192.62884839,0.02519216,0.02180506,DOWN
2026-03-16,74861.09170931,-0.00021252,0.02805681,-1,-1.0,0.0,-0.02805681,-0.0,-0.02805681,0.02805681,0.90952438,1.11844034,90952.43781226,72774.44255438,0.01702217,0.02122903,DOWN
2026-03-17,73922.4809181,-6.337e-05,-0.01261728,0,-1.0,0.0,0.01261728,-0.0,0.01261728,-0.01261728,0.9210001,1.10432866,92100.01000491,74856.33829669,0.01701748,0.02067275,DOWN
2026-03-18,71245.58062155,5.537e-05,-0.03688417,0,0.0,1.0,-0.0,-0.001,-0.001,-0.03688417,0.9200791,1.06359641,92007.90999491,73926.57425685,0.0283888,0.02020256,UP
2026-03-19,69912.79295406,0.00012743,-0.01888416,0,0.0,0.0,-0.0,-0.0,-0.0,-0.01888416,0.9200791,1.04351129,92007.90999491,71254.65728605,0.02687043,0.0199628,UP
2026-03-20,70522.58975293,0.00019868,0.00868443,1,0.0,0.0,0.0,-0.0,0.0,0.00868443,0.9200791,1.05257359,92007.90999491,69926.68226378,0.02705368,0.01988863,UP
2026-03-21,68711.52350446,0.00027906,-0.02601611,1,1.0,1.0,-0.02601611,-0.001,-0.02701611,-0.02601611,0.89522214,1.02518972,89522.21445364,70542.26660129,0.02986536,0.01989603,UP
2026-03-22,67845.21321615,0.000357,-0.01268812,1,1.0,0.0,-0.01268812,-0.0,-0.01268812,-0.01268812,0.88386346,1.01218199,88386.34585398,68736.05563792,0.03400301,0.01999214,UP
2026-03-23,70914.85481696,0.00041212,0.04425119,1,1.0,0.0,0.04425119,-0.0,0.04425119,0.04425119,0.92297547,1.05697225,92297.54683777,67873.17039087,0.02162179,0.02014581,UP
2026-03-24,70517.86469947,0.00043678,-0.00561399,1,1.0,0.0,-0.00561399,-0.0,-0.00561399,-0.00561399,0.91779389,1.05103842,91779.38924051,70945.84222217,0.02163071,0.02039462,UP
2026-03-25,71309.88364848,0.00039968,0.01116892,1,1.0,0.0,0.01116892,-0.0,0.01116892,0.01116892,0.92804466,1.06277739,92804.4662637,70546.05438666,0.02161263,0.02071602,UP
2026-03-26,68791.62268345,0.00034758,-0.03595292,1,1.0,0.0,-0.03595292,-0.0,-0.03595292,-0.03595292,0.89467875,1.02456744,89467.87471248,71334.67114666,0.02225768,0.02101957,UP
2026-03-27,66338.37018434,0.00028088,-0.03631347,1,1.0,0.0,-0.03631347,-0.0,-0.03631347,-0.03631347,0.86218986,0.98736184,86218.98572814,68810.94561535,0.01169711,0.02137322,UP
2026-03-28,66319.69199432,0.00019561,-0.00028162,1,1.0,0.0,-0.00028162,-0.0,-0.00028162,-0.00028162,0.86194705,0.98708377,86194.70460547,66351.35227506,0.01563394,0.02177319,UP
2026-03-29,65954.92784903,0.00012298,-0.00551541,0,1.0,0.0,-0.00551541,-0.0,-0.00551541,-0.00551541,0.85719306,0.9816396,85719.30550422,66327.85422582,0.01515818,0.02211255,UP
2026-03-30,66691.45160872,6.076e-05,0.01110518,0,0.0,1.0,0.0,-0.001,-0.001,0.01110518,0.85633586,0.99254089,85633.58619871,65958.93171908,0.01459124,0.02239369,UP
2026-03-31,68233.31482219,3.38e-06,0.02285621,0,0.0,0.0,0.0,-0.0,0.0,0.02285621,0.85633586,1.01522661,85633.58619871,66691.67586945,0.01531067,0.02257838,UP
2026-04-01,68078.55823243,-3.749e-05,-0.00227064,0,0.0,0.0,-0.0,-0.0,-0.0,-0.00227064,0.85633586,1.01292139,85633.58619871,68230.75840996,0.01527594,0.02269001,DOWN
2026-04-02,66888.56482579,-6.292e-05,-0.01763415,0,0.0,0.0,-0.0,-0.0,-0.0,-0.01763415,0.85633586,0.99505938,85633.58619871,68074.26965274,0.01938984,0.02269812,DOWN
2026-04-03,66931.10223604,-7.365e-05,0.00063565,0,0.0,0.0,0.0,-0.0,0.0,0.00063565,0.85633586,0.99569189,85633.58619871,66883.6465287,0.02211469,0.02261992,DOWN
2026-04-04,67290.51499569,-7.69e-05,0.00535554,0,0.0,0.0,0.0,-0.0,0.0,0.00535554,0.85633586,1.00102437,85633.58619871,66925.95523065,0.0218928,0.02238601,DOWN
2026-04-05,68981.89753253,-8.213e-05,0.02482483,0,0.0,0.0,0.0,-0.0,0.0,0.02482483,0.85633586,1.02587462,85633.58619871,67284.98870501,0.02107331,0.02203614,DOWN
2026-04-06,68859.82791145,-4.921e-05,-0.00177117,0,0.0,0.0,-0.0,-0.0,-0.0,-0.00177117,0.85633586,1.02405763,85633.58619871,68978.50633322,0.02067349,0.02162033,DOWN
2026-04-07,71940.7044888,2.675e-05,0.04376925,0,0.0,0.0,0.0,-0.0,0.0,0.04376925,0.85633586,1.06887986,85633.58619871,68861.67508952,0.01911692,0.02123962,UP
2026-04-08,71123.36314658,0.00012009,-0.01142639,0,0.0,0.0,-0.0,-0.0,-0.0,-0.01142639,0.85633586,1.05666643,85633.58619871,71949.34773311,0.03000563,0.02091566,UP
2026-04-09,71767.82358998,0.00019725,0.00902047,1,0.0,0.0,0.0,-0.0,0.0,0.00902047,0.85633586,1.06619806,85633.58619871,71137.39140031,0.03059497,0.02067957,UP
2026-04-10,72979.04060878,0.0002659,0.01673607,1,1.0,1.0,0.01673607,-0.001,0.01573607,0.01673607,0.86981122,1.08404203,86981.12230549,71786.91520411,0.03012834,0.02044082,UP
2026-04-11,73054.27387551,0.00033902,0.00103027,1,1.0,0.0,0.00103027,-0.0,0.00103027,0.00103027,0.87070736,1.08515888,87070.73598104,73003.78905026,0.03005441,0.02016842,UP
2026-04-12,70753.40478912,0.00040145,-0.03200196,1,1.0,0.0,-0.03200196,-0.0,-0.03200196,-0.03200196,0.84284302,1.05043167,84284.30203222,73083.60450088,0.02198949,0.01989033,UP
2026-04-13,74484.63568681,0.00044141,0.05139225,1,1.0,0.0,0.05139225,-0.0,0.05139225,0.05139225,0.88615862,1.10441572,88615.86220619,70784.64750203,0.01629474,0.01973882,UP
2026-04-14,74181.60920247,0.00050417,-0.00407667,1,1.0,0.0,-0.00407667,-0.0,-0.00407667,-0.00407667,0.88254605,1.09991338,88254.60454376,74522.20877868,0.02074468,0.01973093,UP
2026-04-15,74805.08590262,0.00056566,0.0083695,1,1.0,0.0,0.0083695,-0.0,0.0083695,0.0083695,0.88993252,1.10911911,88993.25185364,74223.58774611,0.02418881,0.01982509,UP
2026-04-16,75152.12784177,0.00062241,0.00462872,1,1.0,0.0,0.00462872,-0.0,0.00462872,0.00462872,0.89405177,1.11425292,89405.17708993,74851.64510226,0.02423164,0.01994425,UP
2026-04-17,77126.8744768,0.00065198,0.0259373,1,1.0,0.0,0.0259373,-0.0,0.0259373,0.0259373,0.91724106,1.14315363,91724.10554263,75201.14658435,0.02377575,0.02005996,UP
2026-04-18,75726.210691,0.0006762,-0.01832745,1,1.0,0.0,-0.01832745,-0.0,-0.01832745,-0.01832745,0.90043037,1.12220254,90043.03704313,77179.05231185,0.02089385,0.02017427,UP
2026-04-19,73856.34782046,0.0006737,-0.02500234,1,1.0,0.0,-0.02500234,-0.0,-0.02500234,-0.02500234,0.87791751,1.09414486,87791.75077651,75777.25110968,0.01577729,0.02029089,UP
2026-04-20,75872.52432188,0.00064906,0.0269326,1,1.0,0.0,0.0269326,-0.0,0.0269326,0.0269326,0.9015621,1.12361302,90156.21044452,73904.30012448,0.01249402,0.02043681,UP
2026-04-21,76352.77942866,0.00063923,0.00630975,1,1.0,0.0,0.00630975,-0.0,0.00630975,0.00630975,0.90725073,1.13070273,90725.07338601,75921.03925988,0.01312943,0.0205198,UP
2026-04-22,78203.10175888,0.00063133,0.02394495,1,1.0,0.0,0.02394495,-0.0,0.02394495,0.02394495,0.92897481,1.15777735,92897.48073199,76400.98651897,0.0116593,0.02056561,UP
2026-04-23,78268.95595806,0.00063602,0.0008417,1,1.0,0.0,0.0008417,-0.0,0.0008417,0.0008417,0.92975673,1.15875186,92975.67289917,78252.85593808,0.01242741,0.02056641,UP
2026-04-24,77455.31078364,0.00064499,-0.01044986,1,1.0,0.0,-0.01044986,-0.0,-0.01044986,-0.01044986,0.92004091,1.14664307,92004.09050588,78319.44917563,0.01217259,0.02053233,UP
2026-04-25,77612.01240879,0.00065604,0.0020211,1,1.0,0.0,0.0020211,-0.0,0.0020211,0.0020211,0.9219004,1.14896054,92190.03983519,77506.14232723,0.01299211,0.0204726,UP
2026-04-26,78657.53690978,0.0006836,0.01338122,1,1.0,0.0,0.01338122,-0.0,0.01338122,0.01338122,0.93423656,1.16433504,93423.65550098,77665.0947692,0.01684883,0.02033878,UP
2026-04-27,77366.62873294,0.00072563,-0.016548,1,1.0,0.0,-0.016548,-0.0,-0.016548,-0.016548,0.91877681,1.14506763,91877.68131687,78714.63384573,0.01459105,0.02007226,UP
2026-04-28,76350.67138448,0.00074349,-0.01321865,1,1.0,0.0,-0.01321865,-0.0,-0.01321865,-0.01321865,0.90663182,1.12993138,90663.18203722,77424.16617648,0.01198229,0.01982617,UP
2026-04-29,75776.13102308,0.00073378,-0.00755346,1,1.0,0.0,-0.00755346,-0.0,-0.00755346,-0.00755346,0.89978361,1.12139649,89978.36140889,76406.71109947,0.00999329,0.01960844,UP
2026-04-30,76304.32319138,0.00072322,0.00694619,1,1.0,0.0,0.00694619,-0.0,0.00694619,0.00694619,0.90603368,1.12918592,90603.3678882,75830.95541835,0.00986107,0.01941904,UP
2026-05-01,78179.00741185,0.00071722,0.02427151,1,1.0,0.0,0.02427151,-0.0,0.02427151,0.02427151,0.92802448,1.15659297,92802.44834733,76359.07024288,0.00704085,0.01924364,UP
2026-05-02,78657.24782896,0.00072116,0.00609874,1,1.0,0.0,0.00609874,-0.0,0.00609874,0.00609874,0.93368426,1.16364672,93368.42602636,78235.40260077,0.0136278,0.01912631,UP
2026-05-03,78538.22717728,0.00072737,-0.00151434,1,1.0,0.0,-0.00151434,-0.0,-0.00151434,-0.00151434,0.93227035,1.16188457,93227.03478287,78714.47584686,0.01339117,0.01900601,UP
2026-05-04,79827.89967284,0.00074005,0.01628768,1,1.0,0.0,0.01628768,-0.0,0.01628768,0.01628768,0.94745486,1.18080897,94745.48642663,78596.37696423,0.01174566,0.01887638,UP
2026-05-05,80927.04961535,0.0007572,0.01367504,1,1.0,0.0,0.01367504,-0.0,0.01367504,0.01367504,0.96041135,1.19695658,96041.13502757,79888.37236265,0.01294738,0.01878907,UP
2026-05-06,81427.53507031,0.00077228,0.00616525,1,1.0,0.0,0.00616525,-0.0,0.00616525,0.00616525,0.96633252,1.20433611,96633.25244321,80989.57855814,0.01322038,0.0186912,UP
2026-05-07,80009.99601831,0.00078372,-0.01756191,1,1.0,0.0,-0.01756191,-0.0,-0.01756191,-0.01756191,0.94936188,1.18318567,94936.18805743,81491.37365067,0.01249485,0.01859011,UP
2026-05-08,80186.75872436,0.00079154,0.00220695,1,1.0,0.0,0.00220695,-0.0,0.00220695,0.00220695,0.95145708,1.18579691,95145.70794285,80073.34314729,0.01437195,0.01854142,UP
2026-05-09,80664.37186881,0.00079992,0.00593845,1,1.0,0.0,0.00593845,-0.0,0.00593845,0.00593845,0.95710726,1.1928387,95710.72568675,80250.92568241,0.01804322,0.01848267,UP
2026-05-10,82138.93341479,0.00080758,0.01811515,1,1.0,0.0,0.01811515,-0.0,0.01811515,0.01811515,0.97444539,1.21444715,97444.53945633,80729.53442579,0.01804856,0.01839995,UP
2026-05-11,81728.29418107,0.00081831,-0.00501179,1,1.0,0.0,-0.00501179,-0.0,-0.00501179,-0.00501179,0.96956168,1.2083606,96956.16834592,82206.16945245,0.01806141,0.01831601,UP
2026-05-12,80477.49055079,0.00082947,-0.01542275,1,1.0,0.0,-0.01542275,-0.0,-0.01542275,-0.01542275,0.95460838,1.18972436,95460.83798838,81796.11631233,0.01771613,0.01823719,UP
2026-05-13,79277.11847368,0.00083897,-0.01502802,1,1.0,0.0,-0.01502802,-0.0,-0.01502802,-0.01502802,0.94026251,1.17184516,94026.2507968,80545.04118043,0.01723936,0.01817881,UP
2026-05-14,81051.24411991,0.00084387,0.02213214,1,1.0,0.0,0.02213214,-0.0,0.02213214,0.02213214,0.96107253,1.19778061,96107.25313116,79344.04611587,0.00849152,0.018136,UP
2026-05-15,79065.67694932,0.00085372,-0.02480277,1,1.0,0.0,-0.02480277,-0.0,-0.02480277,-0.02480277,0.93723527,1.16807233,93723.52665199,81120.47867373,0.00817428,0.01811143,UP
2026-05-16,78131.44236973,0.00085714,-0.01188639,1,1.0,0.0,-0.01188639,-0.0,-0.01188639,-0.01188639,0.92609492,1.15418816,92609.4921683,79133.47632718,0.00707,0.01818172,UP
2026-05-17,77429.3486959,0.00085705,-0.00902658,1,1.0,0.0,-0.00902658,-0.0,-0.00902658,-0.00902658,0.91773546,1.14376979,91773.54554893,78198.42373878,0.01341361,0.0183069,UP
2026-05-18,76954.17120682,0.00084931,-0.00615585,1,1.0,0.0,-0.00615585,-0.0,-0.00615585,-0.00615585,0.91208601,1.13672891,91208.60103817,77495.13589628,0.01620734,0.01843337,UP
2026-05-19,76750.9020905,0.00083537,-0.00264488,1,1.0,0.0,-0.00264488,-0.0,-0.00264488,-0.00264488,0.90967365,1.1337224,90967.36526082,77018.47917662,0.01628375,0.01859368,UP
2026-05-20,77457.77221812,0.00081443,0.00916773,1,1.0,0.0,0.00916773,-0.0,0.00916773,0.00916773,0.9180133,1.14411607,91801.3299137,76813.44254258,0.01575072,0.01875072,UP
2026-05-21,77539.17761452,0.00078985,0.00105032,1,1.0,0.0,0.00105032,-0.0,0.00105032,0.00105032,0.91897751,1.14531776,91897.7509803,77518.97430925,0.01770097,0.01887811,UP
2026-05-22,75488.24859242,0.00075756,-0.02680634,1,1.0,0.0,-0.02680634,-0.0,-0.02680634,-0.02680634,0.89434309,1.11461598,89434.30862228,77597.93210263,0.01562905,0.01892896,UP
2026-05-23,76673.37028401,0.00071927,0.0155775,1,1.0,0.0,0.0155775,-0.0,0.0155775,0.0155775,0.90827472,1.13197892,90827.47183315,75542.55954621,0.01174197,0.01896427,UP
2026-05-24,76981.12610848,0.00068721,0.00400585,1,1.0,0.0,0.00400585,-0.0,0.00400585,0.00400585,0.91191313,1.13651345,91191.31278871,76726.07859189,0.01034898,0.01898282,UP
2026-05-25,77279.93290843,0.00065349,0.00387402,1,1.0,0.0,0.00387402,-0.0,0.00387402,0.00387402,0.9154459,1.14091633,91544.5895759,77031.441752,0.01078731,0.01898966,UP
2026-05-26,75825.72963654,0.00062182,-0.01899654,1,1.0,0.0,-0.01899654,-0.0,-0.01899654,-0.01899654,0.89805559,1.11924286,89805.55893515,77328.00043692,0.00955735,0.0189726,UP
2026-05-27,74344.70424613,0.00059558,-0.01972531,1,1.0,0.0,-0.01972531,-0.0,-0.01972531,-0.01972531,0.88034116,1.09716545,88034.11626582,75870.91195636,0.01401041,0.01898699,UP
2026-05-28,73536.555543,0.0005736,-0.0109298,1,1.0,0.0,-0.0109298,-0.0,-0.0109298,-0.0109298,0.87071921,1.08517365,87071.92080579,74387.35871889,0.02994212,0.01902792,UP
2026-05-29,73372.5251795,0.00055246,-0.0022331,1,1.0,0.0,-0.0022331,-0.0,-0.0022331,-0.0022331,0.86877481,1.08275034,86877.48052556,73577.19497818,0.02938325,0.01912213,UP
2026-05-30,73754.84109967,0.00053072,0.00519704,1,1.0,0.0,0.00519704,-0.0,0.00519704,0.00519704,0.87328986,1.08837744,87328.98626695,73411.48117869,0.02719226,0.01920266,UP
2026-05-31,73579.68969044,0.00050694,-0.00237756,1,1.0,0.0,-0.00237756,-0.0,-0.00237756,-0.00237756,0.87121356,1.08578976,87121.35614404,73792.23821832,0.02324202,0.01921894,UP
2026-06-01,71319.77594309,0.00048096,-0.03119539,1,1.0,0.0,-0.03119539,-0.0,-0.03119539,-0.03119539,0.84403572,1.05191812,84403.57172316,73615.08879885,0.02868744,0.01917769,UP
2026-06-02,66703.65766373,0.00046039,-0.06691384,1,1.0,0.0,-0.06691384,-0.0,-0.06691384,-0.06691384,0.78755805,0.98153024,78755.80462945,71352.60808242,0.034388,0.01919148,UP
2026-06-03,64014.36501043,0.00045816,-0.04115222,1,1.0,0.0,-0.04115222,-0.0,-0.04115222,-0.04115222,0.75514828,0.94113809,75514.82811603,66734.22256739,0.02986955,0.01942397,UP
2026-06-04,63801.57376229,0.00045734,-0.00332968,1,1.0,0.0,-0.00332968,-0.0,-0.00332968,-0.00332968,0.75263388,0.9380044,75263.38784274,64043.64774595,0.03123055,0.01981959,UP
2026-06-05,60922.66840156,0.00042415,-0.04617254,1,1.0,0.0,-0.04617254,-0.0,-0.04617254,-0.04617254,0.71788286,0.89469436,71788.28605704,63828.6430486,0.02236852,0.02033168,UP
2026-06-06,60867.4181351,0.00029932,-0.00090736,1,1.0,0.0,-0.00090736,-0.0,-0.00090736,-0.00090736,0.71723148,0.89388254,71723.14802531,60940.90422669,0.02637253,0.02091333,UP
2026-06-07,63239.52563785,0.00014852,0.03823145,0,1.0,0.0,0.03823145,-0.0,0.03823145,0.03823145,0.74465228,0.92805697,74465.2283315,60876.45499014,0.02056037,0.02145609,UP
2026-06-08,63090.59175821,2.057e-05,-0.00235779,0,0.0,1.0,-0.0,-0.001,-0.001,-0.00235779,0.74390763,0.92586881,74390.76310316,63240.82373296,0.02116115,0.02199827,UP
2026-06-09,61643.78183664,-5.564e-05,-0.02319928,0,0.0,0.0,-0.0,-0.0,-0.0,-0.02319928,0.74390763,0.90438933,74390.76310316,63087.08130453,0.01513594,0.02249143,DOWN
2026-06-10,61449.29187388,-0.00017506,-0.00316009,0,0.0,0.0,-0.0,-0.0,-0.0,-0.00316009,0.74390763,0.90153138,74390.76310316,61632.98996106,0.01274689,0.02289237,DOWN
2026-06-11,63561.05604444,-0.00024845,0.03378867,-1,0.0,0.0,0.0,-0.0,0.0,0.03378867,0.74390763,0.93199292,74390.76310316,61434.01942026,0.01191191,0.02310635,DOWN
2026-06-12,63543.19932635,-0.00029446,-0.00028096,-1,-1.0,1.0,0.00028096,-0.001,-0.00071904,-0.00028096,0.74337273,0.93173107,74337.27300818,63542.34311765,0.01628107,0.02321424,DOWN
2026-06-13,64421.31652096,-0.00032285,0.01372472,-1,-1.0,0.0,-0.01372472,-0.0,-0.01372472,0.01372472,0.73317015,0.94451882,73317.0146019,63522.68249475,0.01848157,0.02320075,DOWN
2026-06-14,65710.40224211,-0.00033525,0.01981248,-1,-1.0,0.0,-0.01981248,-0.0,-0.01981248,0.01981248,0.71864422,0.96323208,71864.42249649,64399.7329663,0.01554789,0.02308322,DOWN
2026-06-15,66289.50572754,-0.00033103,0.00877433,-1,-1.0,0.0,-0.00877433,-0.0,-0.00877433,0.00877433,0.7123386,0.9716838,71233.86041011,65688.64930805,0.01610689,0.02287619,DOWN
2026-06-16,65600.64254603,-0.0003102,-0.01044605,-1,-1.0,0.0,0.01044605,-0.0,0.01044605,-0.01044605,0.71977973,0.96153354,71977.97302012,66268.93420127,0.01661287,0.02260786,DOWN
2026-06-17,64418.4483895,-0.00031212,-0.01818545,-1,-1.0,0.0,0.01818545,-0.0,0.01818545,-0.01818545,0.73286925,0.94404762,73286.92499353,65580.16732631,0.01701565,0.02226042,DOWN
2026-06-18,62896.47018592,-0.00029734,-0.02390993,-1,-1.0,0.0,0.02390993,-0.0,0.02390993,-0.02390993,0.7503921,0.92147551,75039.20994689,64399.29319541,0.01585688,0.02191592,DOWN
2026-06-19,63540.83735419,-0.00026583,0.0101927,-1,-1.0,0.0,-0.0101927,-0.0,-0.0101927,0.0101927,0.74274358,0.93086783,74274.35764159,62879.74871561,0.01804323,0.02159423,DOWN
2026-06-20,64239.6814509,-0.00020699,0.01093824,-1,-1.0,0.0,-0.01093824,-0.0,-0.01093824,0.01093824,0.73461927,0.94104989,73461.92704041,63527.68633137,0.01498745,0.0212692,DOWN
2026-06-21,63237.54284903,-0.00011444,-0.01572292,0,-1.0,0.0,0.01572292,-0.0,0.01572292,-0.01572292,0.74616963,0.92625383,74616.96340962,64232.32796277,0.01726651,0.0209523,DOWN
2026-06-22,63952.09859999,-3.281e-05,0.01123635,0,0.0,1.0,0.0,-0.001,-0.001,0.01123635,0.74542346,0.93666155,74542.34644621,63235.46974367,0.01391951,0.02070522,DOWN
2026-06-23,62668.01769966,3.989e-05,-0.02028319,0,0.0,0.0,-0.0,-0.0,-0.0,-0.02028319,0.74542346,0.91766306,74542.34644621,63954.65940324,0.0134418,0.02051739,UP
2026-06-24,60995.13328533,9.744e-05,-0.02705719,0,0.0,0.0,-0.0,-0.0,-0.0,-0.02705719,0.74542346,0.89283368,74542.34644621,62674.12301969,0.01204355,0.02040554,UP
2026-06-25,59721.67176026,0.00014545,-0.02109904,0,0.0,0.0,-0.0,-0.0,-0.0,-0.02109904,0.74542346,0.87399575,74542.34644621,61004.01093115,0.01419612,0.02040896,UP
2026-06-26,60016.42517221,0.00016819,0.00492332,0,0.0,0.0,0.0,-0.0,0.0,0.00492332,0.74542346,0.87829871,74542.34644621,59731.72122437,0.01906125,0.02051931,UP
2026-06-27,59940.09457963,0.00017068,-0.00127266,0,0.0,0.0,-0.0,-0.0,-0.0,-0.00127266,0.74542346,0.87718093,74542.34644621,60026.67495433,0.02189217,0.02067363,UP
2026-06-28,59532.34089341,0.00016275,-0.006826,0,0.0,0.0,-0.0,-0.0,-0.0,-0.006826,0.74542346,0.8711933,74542.34644621,59949.85829513,0.02123939,0.02081591,UP
2026-06-29,60138.38595124,0.00013774,0.01012853,0,0.0,0.0,0.0,-0.0,0.0,0.01012853,0.74542346,0.8800172,74542.34644621,59540.54375373,0.02124507,0.02096271,UP
2026-06-30,58558.8607951,0.00011013,-0.02661583,0,0.0,0.0,-0.0,-0.0,-0.0,-0.02661583,0.74542346,0.85659481,74542.34644621,60145.00311161,0.0082363,0.02111596,UP
2026-07-01,60003.75802684,7.134e-05,0.0243748,0,0.0,0.0,0.0,-0.0,0.0,0.0243748,0.74542346,0.87747414,74542.34644621,58563.03386949,0.00764752,0.02129104,UP
2026-07-02,61485.30258437,4.048e-05,0.02439094,0,0.0,0.0,0.0,-0.0,0.0,0.02439094,0.74542346,0.89887656,74542.34644621,60006.18268131,0.01024513,0.02145266,UP
2026-07-03,62544.20351202,2.545e-05,0.01707536,0,0.0,0.0,0.0,-0.0,0.0,0.01707536,0.74542346,0.9142252,74542.34644621,61486.86931972,0.01190758,0.02154278,UP
2026-07-04,63088.30475168,2.42e-05,0.00866191,0,0.0,0.0,0.0,-0.0,0.0,0.00866191,0.74542346,0.92214414,74542.34644621,62545.71275621,0.01340037,0.02155198,UP
2026-07-05,63547.88035522,3.552e-05,0.00725828,0,0.0,0.0,0.0,-0.0,0.0,0.00725828,0.74542346,0.92883732,74542.34644621,63090.54585967,0.01470495,0.02149584,UP
2026-07-06,63995.01142874,6.735e-05,0.00701152,0,0.0,0.0,0.0,-0.0,0.0,0.00701152,0.74542346,0.93534988,74542.34644621,63552.16296885,0.01463094,0.02135115,UP
2026-07-07,63297.39234843,0.00010991,-0.01096103,0,0.0,0.0,-0.0,-0.0,-0.0,-0.01096103,0.74542346,0.92509748,74542.34644621,64002.04937892,0.01348968,0.02118515,UP
2026-07-08,62257.5755105,0.00016793,-0.01656397,0,0.0,0.0,-0.0,-0.0,-0.0,-0.01656397,0.74542346,0.90977419,74542.34644621,63308.02633439,0.01616732,0.02095124,UP
2026-07-09,63193.15134978,0.0002354,0.01491568,1,0.0,0.0,0.0,-0.0,0.0,0.01491568,0.74542346,0.92334409,74542.34644621,62272.2320391,0.02498667,0.02070103,UP
2026-07-10,64127.13845381,0.00031862,0.0146718,1,1.0,1.0,0.0146718,-0.001,0.0136718,0.0146718,0.75561474,0.93689121,75561.47449836,63213.28470871,0.02465322,0.02040062,UP
2026-07-11,63802.02934312,0.00038734,-0.00508272,1,1.0,0.0,-0.00508272,-0.0,-0.00508272,-0.00508272,0.75177417,0.93212926,75177.41683182,64151.98541534,0.02563303,0.02008857,UP
2026-07-12,63758.21796829,0.00043721,-0.00068687,1,1.0,0.0,-0.00068687,-0.0,-0.00068687,-0.00068687,0.7512578,0.93148901,75125.77978718,63829.92539743,0.02564051,0.01977758,UP
2026-07-13,62239.11903431,0.00046973,-0.02411434,1,1.0,0.0,-0.02411434,-0.0,-0.02411434,-0.02411434,0.73314171,0.90902677,73314.17126575,63788.1726041,0.02190481,0.01949299,UP
2026-07-14,64956.11292686,0.00050328,0.0427281,1,1.0,0.0,0.0427281,-0.0,0.0427281,0.0427281,0.76446747,0.94786775,76446.74650701,62270.45356374,0.01021318,0.01934628,UP
2026-07-15,64712.37515715,0.00056244,-0.00375941,1,1.0,0.0,-0.00375941,-0.0,-0.00375941,-0.00375941,0.76159352,0.94430433,76159.35179021,64992.66199764,0.01075478,0.01929226,UP
2026-07-16,63789.28377482,0.00062431,-0.01436728,1,1.0,0.0,-0.01436728,-0.0,-0.01436728,-0.01436728,0.75065149,0.93073725,75065.14913458,64752.79030283,0.00860288,0.01932332,UP
2026-07-17,63899.45958901,0.00068566,0.00172575,1,1.0,0.0,0.00172575,-0.0,0.00172575,0.00172575,0.75194693,0.93234347,75194.69316851,63833.02864349,0.01058879,0.01945287,UP
2026-07-18,64796.60132264,0.00073311,0.01394223,1,1.0,0.0,0.01394223,-0.0,0.01394223,0.01394223,0.76243075,0.94534242,76243.07495064,63946.32323977,0.01360114,0.01963209,UP
2026-07-19,64690.8010469,0.00075965,-0.00163409,1,1.0,0.0,-0.00163409,-0.0,-0.00163409,-0.00163409,0.76118487,0.94379765,76118.48708727,64845.84433734,0.01531406,0.0198082,UP
2026-07-20,65230.02531211,0.00075798,0.00830084,1,1.0,0.0,0.00830084,-0.0,0.00830084,0.00830084,0.76750334,0.95163195,76750.33408903,64739.8590966,0.01463678,0.01997674,UP
2026-07-21,66505.12440679,0.00073793,0.01935911,1,1.0,0.0,0.01935911,-0.0,0.01935911,0.01935911,0.78236152,0.9700547,78236.1519422,65278.18426792,0.01333825,0.02011939,UP
2026-07-22,66100.79950017,0.00073607,-0.00609821,1,1.0,0.0,-0.00609821,-0.0,-0.00609821,-0.00609821,0.77759052,0.9641391,77759.05150501,66554.08850527,0.01654982,0.02015259,UP
2026-07-23,65044.8131063,0.00074724,-0.01610435,1,1.0,0.0,-0.01610435,-0.0,-0.01610435,-0.01610435,0.76506793,0.94861227,76506.79267942,66150.20340304,0.01614939,0.02011204,UP
2026-07-24,64098.4976821,0.00075774,-0.01465555,1,1.0,0.0,-0.01465555,-0.0,-0.01465555,-0.01465555,0.75385543,0.93470983,75385.54324794,65094.11208795,0.01494386,0.02005444,UP
2026-07-25,64311.80605137,0.00075966,0.00332242,1,1.0,0.0,0.00332242,-0.0,0.00332242,0.00332242,0.75636006,0.93781533,75636.00582023,64147.2083369,0.01610288,0.02001867,UP
2026-07-26,65340.29759198,0.00076283,0.01586568,1,1.0,0.0,0.01586568,-0.0,0.01586568,0.01586568,0.76836023,0.95269441,76836.02286323,64360.88618562,0.01858348,0.01994899,UP
2026-07-27,63724.89685257,0.00077397,-0.02503365,1,1.0,0.0,-0.02503365,-0.0,-0.02503365,-0.02503365,0.74912537,0.92884499,74912.53652897,65390.89144582,0.01596977,0.01986001,UP
2026-07-28,63871.36847958,0.00078138,0.00229576,1,1.0,0.0,0.00229576,-0.0,0.00229576,0.00229576,0.75084517,0.93097739,75084.51739673,63774.70934284,0.01719922,0.0198288,UP
2026-07-29,63908.16964651,0.00078107,0.00057607,1,1.0,0.0,0.00057607,-0.0,0.00057607,0.00057607,0.75127771,0.9315137,75127.77099679,63921.2734435,0.01718025,0.01983835,UP
2026-07-30,64725.30738926,0.00077659,0.01270512,1,1.0,0.0,0.01270512,-0.0,0.01270512,0.01270512,0.76082278,0.94334869,76082.27804212,63957.8173898,0.01654223,0.01987276,UP
2026-07-31,62813.74719824,0.0007774,-0.02997836,1,1.0,0.0,-0.02997836,-0.0,-0.02997836,-0.02997836,0.73801457,0.91506865,73801.45650177,64775.64685169,0.00573471,0.01987953,UP
2026-08-01,62763.31827866,0.00076515,-0.0008031,1,1.0,0.0,-0.0008031,-0.0,-0.0008031,-0.0008031,0.73742186,0.91433375,73742.18618304,62861.82642647,0.00713149,0.01995423,UP
2026-08-02,63482.00102003,0.00074718,0.01138557,1,1.0,0.0,0.01138557,-0.0,0.01138557,0.01138557,0.74581783,0.92474396,74581.78293204,62810.23226957,0.00674329,0.02003779,UP
2026-08-03,63460.89762437,0.0007319,-0.00033246,1,1.0,0.0,-0.00033246,-0.0,-0.00033246,-0.00033246,0.74556988,0.92443652,74556.98765596,63528.48047018,0.00662632,0.02009646,UP
2026-08-04,64055.95632426,0.0007132,0.00933303,1,1.0,0.0,0.00933303,-0.0,0.00933303,0.00933303,0.7525283,0.93306431,75252.82996023,63506.17573227,0.00633682,0.02013919,UP
2026-08-05,64597.50283094,0.00069456,0.00841874,1,1.0,0.0,0.00841874,-0.0,0.00841874,0.00841874,0.75886364,0.94091954,75886.36404518,64100.46374592,0.00876762,0.02017351,UP
2026-08-06,64262.11095616,0.00068352,-0.00520547,1,1.0,0.0,-0.00520547,-0.0,-0.00520547,-0.00520547,0.7549134,0.93602161,75491.33980821,64641.67076826,0.00880658,0.02018212,UP
2026-08-07,64880.18910787,0.00067756,0.00957212,1,1.0,0.0,0.00957212,-0.0,0.00957212,0.00957212,0.76213952,0.94498132,76213.95197181,64305.67168523,0.00597231,0.02015306,UP
2026-08-08,64904.69373684,0.00068512,0.00037749,1,1.0,0.0,0.00037749,-0.0,0.00037749,0.00037749,0.76242722,0.94533804,76242.72179973,64924.65602069,0.00589461,0.02001428,UP
2026-08-09,64844.88635901,0.00069949,-0.00092179,1,1.0,0.0,-0.00092179,-0.0,-0.00092179,-0.00092179,0.76172442,0.94446664,76172.44219274,64950.10510869,0.00552954,0.01980819,UP
2026-08-10,63910.58276085,0.00069407,-0.01451305,1,1.0,0.0,-0.01451305,-0.0,-0.01451305,-0.01451305,0.75066948,0.93075955,75066.94788292,64889.91462626,0.00333146,0.01958185,UP
2026-08-11,63551.87301186,0.00069565,-0.00562851,1,1.0,0.0,-0.00562851,-0.0,-0.00562851,-0.00562851,0.74644433,0.92552076,74644.43281609,63955.05649687,0.00312295,0.01939234,UP
